index,name,chain,residue,x_nm,y_nm,z_nm,mu_x,mu_y,mu_z
1,S0-D0-Trp1,A,21,2.528125,12.183369062377874,2.1709902522350517,-0.017448629086730585,0.8394498230781907,0.5431570121769469
2,S0-D0-Trp2,A,346,3.9555249999999997,9.935380725070132,-0.13294055354631545,-0.6836653560369559,-0.5286484995832995,-0.503122693627696
3,S0-D0-Trp3,A,388,2.267725,10.364410903902264,0.243712892145171,0.9887865818306227,0.021096843373371147,-0.14783781245470545
4,S0-D0-Trp4,A,407,-0.11602500000000004,11.330357378187863,0.14573057835732328,-0.19092339032370612,-0.9603942065520487,0.20295621953653625
5,S0-D0-Trp5,B,21,-1.6153750000000002,12.195400123325191,2.087806728791511,-0.7010665401179552,-0.24097871164625861,-0.6711445201000665
6,S0-D0-Trp6,B,103,-2.746675,11.482220035841125,0.0027138111218409366,0.6551593359244865,-0.29367841477641654,0.6960741578635116
7,S0-D0-Trp7,B,346,-0.03917500000000018,9.82538866998458,-0.13720790847142716,-0.5389310034499664,-0.8422571072305303,-0.012503553097862719
8,S0-D0-Trp8,B,407,-4.234125000000001,11.336532657017736,0.1478532962786041,-0.18658926090934538,-0.9628282502612613,0.1953105430132787
9,S0-D1-Trp1,A,21,3.428125,9.779233532553961,7.583816446959808,-0.017448629086730585,0.4909133373333634,0.8710336621343707
10,S0-D1-Trp2,A,346,4.855525,8.859304503857345,4.4991318107836396,-0.6836653560369559,-0.2343100631731249,-0.6911587916323343
11,S0-D1-Trp3,A,388,3.167725,9.064173739814793,5.032013888412651,0.9887865818306227,0.08737910665681073,-0.12110320933637932
12,S0-D1-Trp4,A,407,0.783975,9.96502610266407,5.394116284633495,-0.19092339032370612,-0.9447160327070663,-0.2665705845991323
13,S0-D1-Trp5,B,21,-0.7153750000000002,9.82854107738951,7.515750221691395,-0.7010665401179552,0.09849191211299829,-0.7062613181927527
14,S0-D1-Trp6,B,103,-1.8466750000000003,10.165954755559214,5.338047229480567,0.6551593359244865,-0.5835017847188851,0.47988739489682536
15,S0-D1-Trp7,B,346,0.8608249999999998,8.763892303729452,4.444241241768964,-0.5389310034499664,-0.7399871502187296,-0.4024579369717725
16,S0-D1-Trp8,B,407,-3.3341250000000007,9.969507755594206,5.3988654726708125,-0.18658926090934538,-0.9433184665608348,-0.27447170775622565
17,S0-D2-Trp1,A,21,4.328125,5.135159526002257,11.259565579005,-0.017448629086730585,0.029932898862450263,0.9993996032161931
18,S0-D2-Trp2,A,346,5.755525,5.754000023683518,8.100675716896856,-0.6836653560369559,0.11369721387152981,-0.7208846124815773
19,S0-D2-Trp3,A,388,4.067725,5.687782912766951,8.667729512159584,0.9887865818306227,0.133647140562135,-0.06662985375399041
20,S0-D2-Trp4,A,407,1.683975,6.317200466549559,9.406976878059739,-0.19092339032370612,-0.7126501650619601,-0.6750392590542146
21,S0-D2-Trp5,B,21,0.18462499999999982,5.2104496361891215,11.222207255862095,-0.7010665401179552,0.4154029126815427,-0.5796085976439014
22,S0-D2-Trp6,B,103,-0.9466750000000002,6.521172303266992,9.450698180946508,0.6551593359244865,-0.7396737703805422,0.15378217699726704
23,S0-D2-Trp7,B,346,1.7608249999999999,5.695021892087823,8.007734646892898,-0.5389310034499664,-0.46822275537175867,-0.7002291231250599
24,S0-D2-Trp8,B,407,-2.4341250000000008,6.318961968668356,9.413264732247415,-0.18658926090934538,-0.7077411023057956,-0.6813860725171019
25,S0-D3-Trp1,A,21,5.228125,-0.685125414477695,12.356305416743417,-0.017448629086730585,-0.4379036855077105,0.8988525505119057
26,S0-D3-Trp2,A,346,6.655525,1.3307388748979185,9.846755678379948,-0.6836653560369559,0.43566208552727503,-0.5854914416017434
27,S0-D3-Trp3,A,388,4.967725,1.0086024804631728,10.318097227450876,0.9887865818306227,0.1493032280962806,0.003105104143700955
28,S0-D3-Trp4,A,407,2.583975,1.2224168103486153,11.265164573174316,-0.19092339032370612,-0.31735141010980455,-0.9288898435921348
29,S0-D3-Trp5,B,21,1.084625,-0.6010979774506124,12.35821193888064,-0.7010665401179552,0.6371656621767561,-0.3201962293186714
30,S0-D3-Trp6,B,103,-0.04667500000000002,1.3827119766470708,11.398661847159032,0.6551593359244865,-0.7264230980203495,-0.2075469277380505
31,S0-D3-Trp7,B,346,2.660825,1.3217037832488925,9.737052307333778,-0.5389310034499664,-0.08921169728217214,-0.8376124680235163
32,S0-D3-Trp8,B,407,-1.5341250000000004,1.2210546886886269,11.271550857272551,-0.18658926090934538,-0.3100552740960689,-0.9322286064686683
33,S0-D4-Trp1,A,21,6.128125000000001,-6.348482025946581,10.622827135543492,-0.017448629086730585,-0.8054382052012891,0.5924228582230094
34,S0-D4-Trp2,A,346,7.555524999999999,-3.3973286984851336,9.33743118086134,-0.6836653560369559,0.6578383321363328,-0.31599115450744836
35,S0-D4-Trp3,A,388,5.867725,-3.901598869399419,9.605099459194948,0.9887865818306227,0.13076133434700093,0.0721288363382153
36,S0-D4-Trp4,A,407,3.483975,-4.152362045781214,10.54306052148427,-0.19092339032370612,0.15063684875719655,-0.9699777310968553
37,S0-D4-Trp5,B,21,1.9846249999999999,-6.274963789802667,10.663561813083493,-0.7010665401179552,0.7129852886236823,0.012557250226216204
38,S0-D4-Trp6,B,103,0.8533249999999999,-4.072459240290983,10.73575614721249,0.6551593359244865,-0.5467848409662224,-0.5213373017927345
39,S0-D4-Trp7,B,346,3.560825,-3.354351257792402,9.236093122405979,-0.5389310034499664,0.31023334601201363,-0.7831402457686633
40,S0-D4-Trp8,B,407,-0.6341250000000005,-4.156535796552304,10.548082453831567,-0.18658926090934538,0.15864887431720304,-0.9695436980307737
41,S0-D5-Trp1,A,21,7.028125,-10.557715560039814,6.4561848284183405,-0.017448629086730585,-0.9884866892100473,0.1502984051730195
42,S0-D5-Trp2,A,346,8.455525,-7.3472363839284816,6.689363262788907,-0.6836653560369559,0.7293363699968793,0.025887069255470296
43,S0-D5-Trp3,A,388,6.767725,-7.918136988986028,6.692048713389436,0.9887865818306227,0.08226848962624761,0.124631421424652
44,S0-D5-Trp4,A,407,4.3839749999999995,-8.576040236947131,7.406063027897367,-0.19092339032370612,0.5841216598416037,-0.7888917197760359
45,S0-D5-Trp5,B,21,2.8846249999999998,-10.511545914628154,6.526417362493097,-0.7010665401179552,0.6254952675391653,0.3424344851400736
46,S0-D5-Trp6,B,103,1.7533249999999998,-8.5948315710109,7.613819973061912,0.6551593359244865,-0.2419052345062725,-0.7157150983942222
47,S0-D5-Trp7,B,346,4.460825,-7.262090415817126,6.619602051400486,-0.5389310034499664,0.6386192816386037,-0.5492893469200052
48,S0-D5-Trp8,B,407,0.2658749999999994,-8.582069617065812,7.408570332303388,-0.18658926090934538,0.5910144163673396,-0.7847843062646429
49,S0-D6-Trp1,A,21,7.928125,-12.348698908108007,0.8107500615467367,-0.01744862908673058,-0.945121788005721,-0.3262519749823176
50,S0-D6-Trp2,A,346,9.355525,-9.614255791963265,2.5090932444955305,-0.6836653560369558,0.6337795367169942,0.3618358464741359
51,S0-D6-Trp3,A,388,7.667725,-10.121021753574027,2.2461807635199804,0.9887865818306226,0.014932004990088007,0.1485871152512532
52,S0-D6-Trp4,A,407,5.283975000000001,-11.035371995362835,2.5727029838063635,-0.1909233903237061,0.8838131039291179,-0.4271096537781368
53,S0-D6-Trp5,B,21,3.784625,-12.340453034486524,0.8943936540581694,-0.7010665401179551,0.3947352333081052,0.5938769248861544
54,S0-D6-Trp6,B,103,2.6533250000000006,-11.148553304236161,2.7479344131269072,0.6551593359244864,0.11838289049336595,-0.7461579831305308
55,S0-D6-Trp7,B,346,5.360825,-9.506444024277547,2.4868877215681024,-0.5389310034499663,0.8207291419305872,-0.1896234402870435
56,S0-D6-Trp8,B,407,1.1658750000000007,-11.041875972207922,2.572121360905701,-0.18658926090934536,0.8880078019887412,-0.4202696650014469
57,S0-D7-Trp1,A,21,8.828125,-11.311206411957993,-5.0203874244411,-0.017448629086730585,-0.6852762545411589,-0.7280741722551587
58,S0-D7-Trp2,A,346,10.255524999999999,-9.679124959712569,-2.245885873578951,-0.6836653560369559,0.3930551741691629,0.6149059367201712
59,S0-D7-Trp3,A,388,8.567725,-10.005681273395961,-2.71417604696882,0.9887865818306227,-0.0558246630787147,0.1385088538103655
60,S0-D7-Trp4,A,407,6.183975,-10.96704611525991,-2.8499360036125463,-0.19092339032370612,0.9810667014168044,0.032502098369989546
61,S0-D7-Trp5,B,21,4.684625,-11.342773031726134,-4.942491381432398,-0.7010665401179552,0.07356089060761337,0.7092915491531349
62,S0-D7-Trp6,B,103,3.5533249999999996,-11.148693161859402,-2.7473669392623163,0.6551593359244865,0.4515553534608396,-0.605692997575374
63,S0-D7-Trp7,B,346,6.260825,-9.573341733361657,-2.215449521583489,-0.5389310034499664,0.814850569605399,0.21347581299568513
64,S0-D7-Trp8,B,407,2.0658749999999992,-10.972534949585626,-2.8534733327949726,-0.18658926090934538,0.9816025432595783,0.040507959460227255
65,S0-D8-Trp1,A,21,9.728125,-7.682876262119391,-9.70160258546846,-0.017448629086730585,-0.2684678420713159,-0.9631306054303148
66,S0-D8-Trp2,A,346,11.155525,-7.526985570897175,-6.486443675726942,-0.6836653560369559,0.06230132156286877,0.7271315054970334
67,S0-D8-Trp3,A,388,9.467725,-7.598534344834492,-7.052849436156748,0.9887865818306227,-0.11379466332082923,0.0967050680751135
68,S0-D8-Trp4,A,407,7.083975000000001,-8.386712674662292,-7.619795681747862,-0.19092339032370612,0.8536064657165839,0.48466922814858393
69,S0-D8-Trp5,B,21,5.584625,-7.74702502476313,-9.647296220728428,-0.7010665401179552,-0.2644626119688394,0.6622425788165982
70,S0-D8-Trp6,B,103,4.4533249999999995,-8.59521910941999,-7.6133824793782425,0.6551593359244865,0.68129883017675,-0.32649371900662627
71,S0-D8-Trp7,B,346,7.160825,-7.447460588352848,-6.410336910907221,-0.5389310034499664,0.6223300546814625,0.5676783213762703
72,S0-D8-Trp8,B,407,2.9658749999999996,-8.3899291461397,-7.625478490141168,-0.18658926090934538,0.8503607164924742,0.4920072149468032
73,S0-D9-Trp1,A,21,10.628125,-2.2947793479252354,-12.160660678176237,-0.017448629086730585,0.20983326788016404,-0.9775814774399754
74,S0-D9-Trp2,A,346,12.055525,-3.6507862608310493,-9.241278213569784,-0.6836653560369559,-0.2827226808312499,0.6728072284826119
75,S0-D9-Trp3,A,388,10.367725,-3.4509392115058595,-9.776064029926216,0.9887865818306227,-0.14569993732748776,0.03275093669621308
76,S0-D9-Trp4,A,407,7.983974999999999,-3.8853983769554556,-10.64433723494687,-0.19092339032370612,0.5306272294548898,0.825822621625449
77,S0-D9-Trp5,B,21,6.484624999999999,-2.376816946325781,-12.142382892515197,-0.7010665401179552,-0.5419108170812352,0.4635066047613423
78,S0-D9-Trp6,B,103,5.353325,-4.07300569361375,-10.735548841863285,0.6551593359244865,0.754990458986336,0.027489114037878043
79,S0-D9-Trp7,B,346,8.060825,-3.6157347602987513,-9.136933329601117,-0.5389310034499664,0.28726452024605653,0.7918538179034152
80,S0-D9-Trp8,B,407,3.865874999999999,-3.8856057511362403,-10.650863872362043,-0.18658926090934538,0.5243433296951701,0.8308119644766113
81,S0-D10-Trp1,A,21,11.528125,3.618937957673527,-11.834313180067346,-0.017448629086730585,0.6400719597640432,-0.7681168086084375
82,S0-D10-Trp2,A,346,12.955525,1.0616275223553437,-9.879393217533654,-0.6836653560369559,-0.5629889075848313,0.4643761093029018
83,S0-D10-Trp3,A,388,11.267725,1.4870953253781463,-10.260066123177003,0.9887865818306227,-0.14423256565693077,-0.03870481359898756
84,S0-D10-Trp4,A,407,8.883975,1.5058684198901706,-11.23078786287507,-0.19092339032370612,0.0861075530248682,0.9778209183380009
85,S0-D10-Trp5,B,21,7.384625,3.5378022776774296,-11.85625050970363,-0.7010665401179552,-0.6952340704686829,0.15860420418950355
86,S0-D10-Trp6,B,103,6.253325,1.3821317738256222,-11.398732213541285,0.6551593359244865,0.6557511343611478,0.37517555135570013
87,S0-D10-Trp7,B,346,8.960825,1.0441769766279156,-9.770710463824454,-0.5389310034499664,-0.11359910048679844,0.8346547896519869
88,S0-D10-Trp8,B,407,4.765874999999999,1.5087176421689108,-11.236663399651087,-0.18658926090934538,0.07822483320557648,0.9793188056926424
89,S0-D11-Trp1,A,21,12.428125000000001,8.703735660391448,-8.797310153645615,-0.017448629086730585,0.9237018396405858,-0.38271458920139334
90,S0-D11-Trp2,A,346,13.855525,5.530874974830756,-8.254628117345035,-0.6836653560369559,-0.7143022351288495,0.14957940314358842
91,S0-D11-Trp3,A,388,12.167725,6.0845099121619715,-8.39399478719928,0.9887865818306227,-0.1097286505459644,-0.10129520640718813
92,S0-D11-Trp4,A,407,9.783975,6.552215279669895,-9.244820747195963,-0.19092339032370612,-0.37813510276904944,0.9058488301483545
93,S0-D11-Trp5,B,21,8.284625,8.642086068086048,-8.854437841928775,-0.7010665401179552,-0.689313601984588,-0.1826265710297172
94,S0-D11-Trp6,B,103,7.153325000000001,6.520691246701905,-9.451030101604129,0.6551593359244865,0.4063116747127166,0.6369278354281067
95,S0-D11-Trp7,B,346,9.860825,5.464919439329128,-8.166501334601687,-0.5389310034499664,-0.48844278875204283,0.6862776520013889
96,S0-D11-Trp8,B,407,5.665875,6.557468482577926,-9.2486993886085,-0.18658926090934538,-0.3858111016138721,0.9035121701365147
97,S0-D12-Trp1,A,21,13.328125,11.794938227858818,-3.7452787061046013,-0.017448629086730585,0.9957573374607422,0.09034860395206551
98,S0-D12-Trp2,A,346,14.755525,8.73327266603875,-4.739136195921434,-0.6836653560369559,-0.7020042678662166,-0.19947854233596027
99,S0-D12-Trp3,A,388,13.067725000000001,9.2882643701725,-4.605274622485602,0.9887865818306227,-0.0500913315195345,-0.1406838800229554
100,S0-D12-Trp4,A,407,10.683975,10.097773855390363,-5.141322678486473,-0.19092339032370612,-0.7557657185422181,0.6263916009204359
101,S0-D12-Trp5,B,21,9.184625,11.766895594109888,-3.8245116266138406,-0.7010665401179552,-0.5255054979841473,-0.4820266361057993
102,S0-D12-Trp6,B,103,8.053325000000001,10.165683031504454,-5.33856467781599,0.6551593359244865,0.06380631672950704,0.75279147079148
103,S0-D12-Trp7,B,346,10.760825,8.633919290135262,-4.6917508691147125,-0.5389310034499664,-0.7514084047160325,0.3807082647415462
104,S0-D12-Trp8,B,407,6.565875,10.104227790096314,-5.142316019722572,-0.18658926090934538,-0.7614768049241896,0.6207556067211567
